{
  "name": "mocha",
  "version": "1.17.1",
  "main": "mocha.js",
  "ignore": [
    "bin",
    "editors",
    "images",
    "lib",
    "support",
    "test",
    ".gitignore",
    ".npmignore",
    ".travis.yml",
    "component.json",
    "index.js",
    "Makefile",
    "package.json"
  ],
  "homepage": "https://github.com/mochajs/mocha",
  "_release": "1.17.1",
  "_resolution": {
    "type": "version",
    "tag": "1.17.1",
    "commit": "7fc565ee3e225cb7a66bf39ae9c2c05b346675c1"
  },
  "_source": "https://github.com/mochajs/mocha.git",
  "_target": "~1.17.1",
  "_originalSource": "mocha"
}