{
  "name": "jquery-ui",
  "version": "1.11.4",
  "main": [
    "jquery-ui.js"
  ],
  "ignore": [],
  "dependencies": {
    "jquery": ">=1.6"
  },
  "homepage": "https://github.com/components/jqueryui",
  "_release": "1.11.4",
  "_resolution": {
    "type": "version",
    "tag": "1.11.4",
    "commit": "c34f8dbf3ba57b3784b93f26119f436c0e8288e1"
  },
  "_source": "https://github.com/components/jqueryui.git",
  "_target": "^1.11.4",
  "_originalSource": "jquery-ui",
  "_direct": true
}